chunk_id,citation,source,question
0,21 CFR 123 § 123.3,21 CFR 123,What specific term is used to describe the unique alphanumeric identifier given to a molluscan shellfish processor by a shellfish control authority?
0,21 CFR 123 § 123.3,21 CFR 123,How is a critical limit defined in the context of controlling a food safety hazard at a critical control point?
1,21 CFR 123 § 123.3,21 CFR 123,"What specific types of biological, chemical, or physical properties can render food unsafe for people to eat?"
1,21 CFR 123 § 123.3,21 CFR 123,Which entities are typically excluded from acting as the importer when goods are brought into the United States?
2,21 CFR 123 § 123.3,21 CFR 123,Are commercial entities that only harvest and transport fish and fishery products without processing them subject to the regulations in 21 CFR 123?
2,21 CFR 123 § 123.3,21 CFR 123,Which fish species are classified as scombroid toxin-forming species capable of producing significant histamine levels?
3,21 CFR 123 § 123.3,21 CFR 123,How does the FDA define finished smoked or smoke-flavored fishery products in terms of their preparation methods?
3,21 CFR 123 § 123.3,21 CFR 123,What is the regulatory definition of a tag used on containers of shellstock?
4,21 CFR 123 § 123.5,21 CFR 123,"Which regulations are used to determine if the facilities, methods, practices, and controls for processing fish and fishery products are safe and sanitary?"
4,21 CFR 123 § 123.5,21 CFR 123,What is the specific purpose of the part of the regulations addressing the processing of fish and fishery products?
5,21 CFR 123 § 123.6,21 CFR 123,What sources of information should a seafood processor use to determine if a food safety hazard is reasonably likely to occur?
5,21 CFR 123 § 123.6,21 CFR 123,When is a seafood processor legally required to have and implement a written HACCP plan?
6,21 CFR 123 § 123.6,21 CFR 123,Under what conditions is a seafood processor permitted to group multiple types of fishery products together within a single HACCP plan?
6,21 CFR 123 § 123.6,21 CFR 123,Which specific biological and chemical factors must a seafood processor evaluate when identifying food safety hazards that are reasonably likely to occur?
7,21 CFR 123 § 123.6,21 CFR 123,Who is authorized to sign and date the HACCP plan to signify its acceptance for implementation by the processing firm?
7,21 CFR 123 § 123.6,21 CFR 123,What specific details must be included in the recordkeeping system used to document the monitoring of critical control points?
8,21 CFR 123 § 123.6,21 CFR 123,Under what specific circumstances must a seafood processor date and sign their HACCP plan?
8,21 CFR 123 § 123.6,21 CFR 123,When are fish and fishery products considered adulterated under section 402(a)(4) of the act regarding HACCP requirements?
9,21 CFR 123 § 123.7,21 CFR 123,What specific elements must be included in a pre-established corrective action plan to ensure safety when a critical limit is breached?
9,21 CFR 123 § 123.7,21 CFR 123,What immediate procedures must a seafood processor follow when a critical limit deviation occurs and no pre-existing corrective action plan is in place?
10,21 CFR 123 § 123.7,21 CFR 123,What qualifications must the person conducting a HACCP plan reassessment possess after a critical control point deviation occurs?
10,21 CFR 123 § 123.7,21 CFR 123,How must all corrective actions implemented in response to a deviation be recorded and tracked?
11,21 CFR 123 § 123.8,21 CFR 123,How frequently must a seafood processor reassess their HACCP plan under standard regulatory requirements?
11,21 CFR 123 § 123.8,21 CFR 123,What specific ongoing verification tasks must a processor perform regarding process-monitoring instruments and consumer feedback?
12,21 CFR 123 § 123.8,21 CFR 123,What is the maximum allowable timeframe for a trained individual to review and sign off on records documenting critical control point monitoring?
12,21 CFR 123 § 123.8,21 CFR 123,When must a processor immediately execute corrective action procedures based on verification findings?
13,21 CFR 123 § 123.8,21 CFR 123,What specific operational modifications require a processor without a HACCP plan to reassess their initial hazard analysis?
13,21 CFR 123 § 123.8,21 CFR 123,Who is authorized to conduct the hazard analysis reassessment when changes occur that could impact potential food safety hazards?
14,21 CFR 123 § 123.9,21 CFR 123,What specific identifying details and timestamps must be included on all required seafood HACCP records?
14,21 CFR 123 § 123.9,21 CFR 123,How long must a seafood processor keep production records for frozen or shelf-stable products at their U.S. facility?
15,21 CFR 123 § 123.9,21 CFR 123,Under what specific circumstances may a seafood processing facility transfer its HACCP records to an off-site location?
15,21 CFR 123 § 123.9,21 CFR 123,Are generic-type HACCP plans that reflect standard industry practices protected from public disclosure?
17,21 CFR 123 § 123.10,21 CFR 123,What qualifications must an individual possess to develop a processor-specific HACCP plan for fishery products?
17,21 CFR 123 § 123.10,21 CFR 123,Who is authorized to perform the required record reviews during seafood processing operations?
18,21 CFR 123 § 123.11,21 CFR 123,How frequently must a seafood processor monitor sanitation conditions and practices during production?
18,21 CFR 123 § 123.11,21 CFR 123,What specific measures must be detailed in a facility's written sanitation standard operating procedure regarding water usage?
19,21 CFR 123 § 123.11,21 CFR 123,How must a seafood processor handle sanitation conditions and practices that fail to meet established requirements?
19,21 CFR 123 § 123.11,21 CFR 123,What specific documentation regarding monitoring and corrections are processors required to maintain in their sanitation control records?
20,21 CFR 123 § 123.12,21 CFR 123,What criteria must a foreign country's inspection system meet through an active memorandum of understanding with the FDA for imported fish products?
20,21 CFR 123 § 123.12,21 CFR 123,What minimum elements must be included in the written verification procedures used by importers when fish and fishery products are not sourced from a country with an active FDA memorandum of understanding?
21,21 CFR 123 § 123.12,21 CFR 123,What documentation must an importer maintain on file regarding a foreign processor's HACCP plan to satisfy verification requirements?
21,21 CFR 123 § 123.12,21 CFR 123,Can an importer utilize a competent third party to help conduct import verification activities?
22,21 CFR 123 § 123.12,21 CFR 123,What language must seafood importers use when keeping records of their affirmative steps?
22,21 CFR 123 § 123.12,21 CFR 123,Under what circumstances will imported fish and fishery products be denied entry into the United States?
23,21 CFR 123 § 123.15,21 CFR 123,What specific requirements are established for the processing of smoked and smoke-flavored fishery products?
23,21 CFR 123 § 123.15,21 CFR 123,Which subpart of part 123 is augmented by the specific regulations for smoked and smoke-flavored fishery products?
24,21 CFR 123 § 123.16,21 CFR 123,How long must processors of smoke-flavored fishery products control Clostridium botulinum toxin formation in their HACCP plans?
24,21 CFR 123 § 123.16,21 CFR 123,Which specific food safety hazard must be addressed in the HACCP plans for smoked fishery products under process controls?
25,21 CFR 123 § 123.20,21 CFR 123,What specific type of seafood processing does Subpart B of 21 CFR 123 regulate?
25,21 CFR 123 § 123.20,21 CFR 123,Under what condition regarding microbial destruction do the general processing requirements for molluscan shellfish apply?
26,21 CFR 123 § 123.28,21 CFR 123,What origin control requirements must processors include in their HACCP plans to address microbiological and chemical contamination in molluscan shellfish?
26,21 CFR 123 § 123.28,21 CFR 123,Which harvesting authorities must approve the growing waters from which processors are permitted to obtain molluscan shellfish?
27,21 CFR 123 § 123.28,21 CFR 123,What specific supplier documentation requirements must a seafood processor fulfill when accepting shipments of shellstock?
27,21 CFR 123 § 123.28,21 CFR 123,Which harvesting and tracking details must be documented by processors in their records when receiving molluscan shellfish?
28,21 CFR 123 § 123.28,21 CFR 123,What specific information must be included in the receiving records for shucked molluscan shellfish under source control regulations?
28,21 CFR 123 § 123.28,21 CFR 123,Which regulatory standard must the container labels comply with when a processor receives shucked molluscan shellfish?
29,21 CFR 120 § 120.1,21 CFR 120,Are raw agricultural ingredients used in juice production subject to the compliance requirements of part 120?
29,21 CFR 120 § 120.1,21 CFR 120,What date do the part 120 juice HACCP regulations officially become binding for small businesses with fewer than 500 employees?
30,21 CFR 120 § 120.1,21 CFR 120,"What is the compliance deadline for juice regulations if a very small business employs an average of fewer than 100 full-time equivalent employees and sells fewer than 100,000 units in the United States?"
30,21 CFR 120 § 120.1,21 CFR 120,"When do the HACCP regulations become binding for very small businesses with total annual sales of less than $500,000?"
31,21 CFR 120 § 120.3,21 CFR 120,How is the term 'cleaned' specifically defined in the context of juice HACCP regulations?
31,21 CFR 120 § 120.3,21 CFR 120,What specific standard must citrus juice processors meet when defining 'culled' fruit for surface treatments?
32,21 CFR 120 § 120.3,21 CFR 120,Who is legally designated as the importer responsible for ensuring that imported food products comply with applicable U.S. laws at the time of entry?
32,21 CFR 120 § 120.3,21 CFR 120,What specific activities are excluded from the definition of juice product processing under food safety regulations?
33,21 CFR 120 § 120.3,21 CFR 120,How does food safety regulation define a retail establishment in the context of juice operations regarding direct-to-consumer sales versus business-to-business distribution?
33,21 CFR 120 § 120.3,21 CFR 120,What specific regulatory term is used within juice processing standards to denote mandatory requirements rather than advisory procedures?
34,21 CFR 120 § 120.5,21 CFR 120,"Which specific parts of the chapter govern whether juice processing facilities, methods, and controls are considered safe?"
34,21 CFR 120 § 120.5,21 CFR 120,"Under what regulatory provision are juice processing sanitation and good manufacturing practices determined, with the exception of section 117.5(c)?"
35,21 CFR 120 § 120.6,21 CFR 120,What operational timeframes must be covered by a food processor's sanitation standard operating procedures?
35,21 CFR 120 § 120.6,21 CFR 120,Which specific sanitation conditions and practices regarding employee well-being must be addressed in an SSOP to prevent microbiological contamination?
36,21 CFR 120 § 120.6,21 CFR 120,How frequently must a processor monitor processing conditions and practices to ensure they conform to the required sanitation standards?
36,21 CFR 120 § 120.6,21 CFR 120,Under what conditions are sanitation standard operating procedure controls permitted to be excluded from a facility's HACCP plan?
37,21 CFR 120 § 120.7,21 CFR 120,What specific criteria determine whether a food hazard is reasonably likely to occur and must be addressed in a juice processor's HACCP plan?
37,21 CFR 120 § 120.7,21 CFR 120,What are the mandatory components that must be included in a juice processor's written hazard analysis?
38,21 CFR 120 § 120.7,21 CFR 120,What specific qualifications must the personnel responsible for developing a processing plant's hazard analysis possess?
38,21 CFR 120 § 120.7,21 CFR 120,Which chemical and biological factors must be evaluated when determining which food hazards are reasonably likely to occur during production?
39,21 CFR 120 § 120.8,21 CFR 120,Under what specific circumstances is a juice processor legally required to have and implement a written HACCP plan?
39,21 CFR 120 § 120.8,21 CFR 120,What qualifications must the individual or individuals possess who develop a processor's HACCP plan?
40,21 CFR 120 § 120.8,21 CFR 120,What specific details regarding critical control points must be included in a juice HACCP plan to address food hazards originating outside the processing plant environment?
40,21 CFR 120 § 120.8,21 CFR 120,How must a processor's recordkeeping system document the monitoring of critical control points according to the HACCP regulations?
41,21 CFR 120 § 120.9,21 CFR 120,"Under what conditions are a juice processor's products considered adulterated according to the Federal Food, Drug, and Cosmetic Act?"
41,21 CFR 120 § 120.9,21 CFR 120,How does the regulatory authority determine whether a juice processor's actions ensure product safety?
42,21 CFR 120 § 120.10,21 CFR 120,What specific measures must be outlined in a pre-established corrective action plan to address critical limit deviations?
42,21 CFR 120 § 120.10,21 CFR 120,What mandatory steps must a food processor take when a critical limit deviation happens and no appropriate corrective action plan exists?
43,21 CFR 120 § 120.10,21 CFR 120,What specific steps must be taken regarding an affected food product when a HACCP deviation occurs to prevent adulterated items from entering commerce?
43,21 CFR 120 § 120.10,21 CFR 120,Who is authorized to perform the timely verification required to determine if a HACCP plan needs modification after a deviation?
44,21 CFR 120 § 120.11,21 CFR 120,What specific verification activity must citrus juice processors perform if they rely wholly or in part on surface treatment of the fruit?
44,21 CFR 120 § 120.11,21 CFR 120,Within what timeframe must a trained individual review and sign records documenting the monitoring of critical control points?
45,21 CFR 120 § 120.11,21 CFR 120,What is the minimum required purpose of reviewing records related to instrument calibration and periodic testing?
45,21 CFR 120 § 120.11,21 CFR 120,"Which section's procedures must a processor follow when a verification activity, such as analyzing consumer complaints, indicates that a corrective action is necessary?"
46,21 CFR 120 § 120.11,21 CFR 120,How frequently must a food processor validate their HACCP plan after its initial implementation?
46,21 CFR 120 § 120.11,21 CFR 120,What qualifications are required for the individual responsible for performing a HACCP plan validation?
47,21 CFR 120 § 120.11,21 CFR 120,When must a juice processor reassess the adequacy of a hazard analysis that determined no food hazards were reasonably likely to occur?
47,21 CFR 120 § 120.11,21 CFR 120,Who is qualified to perform the validation of a juice processor's hazard analysis under 21 CFR 120.11?
48,21 CFR 120 § 120.12,21 CFR 120,What specific information regarding monitoring activities must be documented in the ongoing records of a HACCP plan?
48,21 CFR 120 § 120.12,21 CFR 120,Which types of required HACCP documentation are exempt from needing a recorded time alongside the date?
49,21 CFR 120 § 120.12,21 CFR 120,At what specific time must processing and monitoring observations be entered into the required records?
49,21 CFR 120 § 120.12,21 CFR 120,How long must a juice processor retain records for shelf-stable juice products after the preparation date?
50,21 CFR 120 § 120.12,21 CFR 120,What is the maximum allowable timeframe for retrieving and providing offsite HACCP processing records onsite following an official request?
50,21 CFR 120 § 120.12,21 CFR 120,Under what conditions are required HACCP compliance records made available for public disclosure?
51,21 CFR 120 § 120.12,21 CFR 120,Under what conditions are HACCP records required by part 120 subject to public disclosure?
51,21 CFR 120 § 120.12,21 CFR 120,Are food safety processors permitted to maintain their required HACCP records in a computerized format?
52,21 CFR 120 § 120.13,21 CFR 120,What educational or experiential qualifications are required for someone responsible for developing a juice HACCP plan?
52,21 CFR 120 § 120.13,21 CFR 120,Must the individual tasked with performing required record reviews for juice processing be a direct employee of the facility?
53,21 CFR 120 § 120.14,21 CFR 120,What specific documentation or agreements must an importer have in place when sourcing juice from a foreign country to satisfy FDA compliance requirements?
53,21 CFR 120 § 120.14,21 CFR 120,What mandatory elements must be included in an importer's written procedures to guarantee that imported juice products are processed in accordance with U.S. standards?
54,21 CFR 120 § 120.14,21 CFR 120,What types of certificates can an importer obtain from an appropriate foreign government inspection authority or competent third party to verify that imported food was processed in compliance with HACCP requirements?
54,21 CFR 120 § 120.14,21 CFR 120,Can an importer hire an outside expert to help carry out import verification activities and draft the corresponding procedures?
55,21 CFR 120 § 120.14,21 CFR 120,What language must juice importers use when maintaining records of affirmative steps?
55,21 CFR 120 § 120.14,21 CFR 120,What happens to imported juice entries when assurances are lacking that they were processed under conditions equivalent to domestic requirements?
56,21 CFR 120 § 120.20,21 CFR 120,What specific requirements are established by the regulations for process controls within juice Hazard Analysis Critical Control Point systems?
56,21 CFR 120 § 120.20,21 CFR 120,How does the general guidance in subpart A relate to the specific process control regulations outlined in the subsequent provisions?
57,21 CFR 120 § 120.24,21 CFR 120,What is the minimum microbial reduction level that juice HACCP plans must consistently achieve for the pertinent microorganism?
57,21 CFR 120 § 120.24,21 CFR 120,Which juice processors are exempt from the standard five-log reduction process control requirements?
58,21 CFR 120 § 120.24,21 CFR 120,At what point in the operation must citrus juice processors ensure that the 5-log reduction process begins when applying treatments to fruit surfaces?
58,21 CFR 120 § 120.24,21 CFR 120,Where must juice processors perform final product packaging while operating under current good manufacturing practices?
59,21 CFR 120 § 120.25,21 CFR 120,What is the required daily sampling volume and frequency for finished juice products when a processor uses treatments that do not make direct contact with all parts of the juice?
59,21 CFR 120 § 120.25,21 CFR 120,Which specific analytical method or equivalent alternative must juice processors use when testing finished product subsamples for the presence of biotype I Escherichia coli?
60,21 CFR 120 § 120.25,21 CFR 120,What specific incubation temperature and duration are required after transferring the preenriched juice sample into EC Broth during process verification?
60,21 CFR 120 § 120.25,21 CFR 120,What immediate actions must a juice processor take if a 20 mL sample is recorded as positive for E. coli?
61,21 CFR 120 § 120.25,21 CFR 120,What specific actions must a juice processor take immediately if two out of a series of seven test samples test positive for E. coli?
61,21 CFR 120 § 120.25,21 CFR 120,How must a processor respond if a review of monitoring records or additional testing reveals that the 5-log reduction standard was not met?
62,Codex CXC 1-1969 § 1,Codex CXC 1-1969,What negative impacts can foodborne illness and foodborne injury have on human health and society?
62,Codex CXC 1-1969 § 1,Codex CXC 1-1969,Which stakeholders along the supply chain share the responsibility for ensuring food is safe and suitable for consumption?
63,Codex CXC 1-1969 § 1,Codex CXC 1-1969,What specific baseline measures might fully satisfy food safety responsibilities for certain food business operators?
63,Codex CXC 1-1969 § 1,Codex CXC 1-1969,How can a food business operator determine whether their implemented good hygiene practices are sufficient to address food safety?
64,Codex CXC 1-1969 § 1,Codex CXC 1-1969,What external resources can a food business operator use for hazard analysis information if they lack internal expertise?
64,Codex CXC 1-1969 § 1,Codex CXC 1-1969,Which cleaning activities in a food establishment typically require greater attention to ensure food safety?
65,Codex CXC 1-1969 § 1,Codex CXC 1-1969,Under what specific circumstances might the implementation of good hygiene practices alone prove insufficient to guarantee food safety?
65,Codex CXC 1-1969 § 1,Codex CXC 1-1969,"When a hazard analysis reveals significant hazards that cannot be controlled solely through good hygiene practices, what mechanism should be used to address them?"
66,Codex CXC 1-1969 § 2,Codex CXC 1-1969,What purpose do the HACCP system and Good Hygiene Practices serve regarding the food chain?
66,Codex CXC 1-1969 § 2,Codex CXC 1-1969,How do general principles of food hygiene support the creation of sector- and product-specific codes of practice?
67,Codex CXC 1-1969 § 3,Codex CXC 1-1969,What general framework does this document provide regarding the production of safe and suitable food for consumption?
67,Codex CXC 1-1969 § 3,Codex CXC 1-1969,Across which stages of the food chain—from primary production through to retail and transport—are necessary hygiene and food safety controls outlined?
68,Codex CXC 1-1969 § 4,Codex CXC 1-1969,What core question must food business operators ask in every situation to ensure food is safe and suitable for consumption?
68,Codex CXC 1-1969 § 4,Codex CXC 1-1969,How should a food business operator evaluate whether a specific safety measure is necessary or appropriate?
69,Codex CXC 1-1969 § 4,Codex CXC 1-1969,What specific objectives must competent authorities achieve when deciding how to apply food hygiene general principles through legislation or regulation?
69,Codex CXC 1-1969 § 4,Codex CXC 1-1969,What responsibilities do food business operators have regarding the application of hygienic practices and food safety principles outlined in the guidelines?
70,Codex CXC 1-1969 § 4,Codex CXC 1-1969,What responsibilities do consumers have regarding food hygiene and safety?
70,Codex CXC 1-1969 § 4,Codex CXC 1-1969,How can food handlers prevent foodborne pathogens and protect products from contamination?
71,Codex CXC 1-1969 § 5,Codex CXC 1-1969,What forms the foundational basis for implementing an effective HACCP system within a food business?
71,Codex CXC 1-1969 § 5,Codex CXC 1-1969,Under what circumstances must food business operators combine Good Hygiene Practices with additional control measures at Critical Control Points?
72,Codex CXC 1-1969 § 5,Codex CXC 1-1969,What key elements are necessary for cultivating a positive food safety culture within a food business?
72,Codex CXC 1-1969 § 5,Codex CXC 1-1969,How should management ensure the ongoing effectiveness of existing food hygiene systems when implementing operational changes?
73,Codex CXC 1-1969 § 5,Codex CXC 1-1969,What personnel practices must be ensured regarding training and supervision in food safety management?
73,Codex CXC 1-1969 § 5,Codex CXC 1-1969,How should continual improvement be encouraged in the context of scientific and technological developments?
74,Codex CXC 1-1969 § 6,Codex CXC 1-1969,How is the threshold defined at which a food containing a hazard is deemed safe for its intended purpose?
74,Codex CXC 1-1969 § 6,Codex CXC 1-1969,"What term describes any biological, chemical, or physical agent that is not intentionally added to food but may compromise its safety or suitability?"
75,Codex CXC 1-1969 § 6,Codex CXC 1-1969,What specific term defines the measurable criterion at a critical control point that distinguishes between acceptable and unacceptable food?
75,Codex CXC 1-1969 § 6,Codex CXC 1-1969,How is the failure to comply with a Good Hygiene Practice procedure or a critical limit formally classified in food safety management?
76,Codex CXC 1-1969 § 6,Codex CXC 1-1969,"What specific combination of biological, chemical, and physical agents in food has the potential to trigger adverse health effects?"
76,Codex CXC 1-1969 § 6,Codex CXC 1-1969,"How is the collection and evaluation of information regarding agents in raw materials, ingredients, and the processing environment defined for determining significant hazards?"
77,Codex CXC 1-1969 § 6,Codex CXC 1-1969,How does the food safety code define a significant hazard in the context of hazard analysis?
77,Codex CXC 1-1969 § 6,Codex CXC 1-1969,What term describes the process of gathering evidence to confirm that a control measure can achieve a specified outcome when properly applied?
78,Codex CXC 1-1969 § 7,Codex CXC 1-1969,"What foundational conditions and activities across the food chain are established through the development, implementation, and maintenance of Good Hygiene Practices?"
78,Codex CXC 1-1969 § 7,Codex CXC 1-1969,Which operational factors and sources of potential contamination must be properly managed using Good Hygiene Practices to support the production of safe food?
79,Codex CXC 1-1969 § 7,Codex CXC 1-1969,What specific measures help minimize the potential for foodborne pathogen contamination from faecal sources?
79,Codex CXC 1-1969 § 7,Codex CXC 1-1969,How should food safety hazards be managed when standard Good Hygiene Practices are insufficient to guarantee safe food?
80,Codex CXC 1-1969 § 7,Codex CXC 1-1969,When is it necessary to develop and implement a HACCP system based on hazard identification?
80,Codex CXC 1-1969 § 7,Codex CXC 1-1969,What action should be taken regarding food safety control when hazards still require management after Good Hygiene Practices are implemented?
81,Codex CXC 1-1969 § 8,Codex CXC 1-1969,How should agricultural water be managed when it presents a potential safety hazard during primary production activities like crop irrigation or rinsing?
81,Codex CXC 1-1969 § 8,Codex CXC 1-1969,What specific prerequisite programmes can food producers apply to minimize hazard levels during primary production when complete elimination is difficult?
82,Codex CXC 1-1969 § 8,Codex CXC 1-1969,What specific environmental locations must food business operators avoid for primary production to prevent unacceptable levels of food contamination?
82,Codex CXC 1-1969 § 8,Codex CXC 1-1969,"What measures should producers implement to control potential contamination arising from soil, water, feedstuffs, fertilizers, and pesticides during primary production?"
83,Codex CXC 1-1969 § 8,Codex CXC 1-1969,What specific measures must be observed regarding veterinary drugs and pesticides during primary production to prevent health threats?
83,Codex CXC 1-1969 § 8,Codex CXC 1-1969,How should rejected food material be handled and disposed of during the sorting process in primary production?
84,Codex CXC 1-1969 § 9,Codex CXC 1-1969,How should food contact surfaces and materials be selected regarding toxicity during the design of food facilities?
84,Codex CXC 1-1969 § 9,Codex CXC 1-1969,What specific measures must the layout and design of food establishments include to prevent pest problems?
85,Codex CXC 1-1969 § 9.1.1,Codex CXC 1-1969,What environmental factors should be considered when selecting a site for a food establishment to prevent uncontrollable food safety hazards?
85,Codex CXC 1-1969 § 9.1.1,Codex CXC 1-1969,Under what specific environmental conditions should food businesses avoid setting up operations unless adequate protective measures are implemented?
86,Codex CXC 1-1969 § 9.1.2,Codex CXC 1-1969,How can food establishments separate areas with different hygiene control levels to prevent cross-contamination?
86,Codex CXC 1-1969 § 9.1.2,Codex CXC 1-1969,What considerations regarding building design and operational flow should be implemented to minimize the risk of cross-contamination between raw materials and finished products?
87,Codex CXC 1-1969 § 9.1.3,Codex CXC 1-1969,What specific material properties are required for walls and partitions within food processing establishments to ensure proper food safety?
87,Codex CXC 1-1969 § 9.1.3,Codex CXC 1-1969,How should ceilings and overhead fixtures in food facilities be finished and constructed to prevent contamination?
88,Codex CXC 1-1969 § 9.1.4,Codex CXC 1-1969,"What factors must be considered during the location, design, and construction of temporary food premises to prevent food safety issues?"
88,Codex CXC 1-1969 § 9.1.4,Codex CXC 1-1969,What specific amenities need to be supplied when appropriate for mobile food establishments and market stalls?
89,Codex CXC 1-1969 § 9.2.1,Codex CXC 1-1969,How should plumbing systems be managed to prevent contamination risks related to sewer gases and backflow?
89,Codex CXC 1-1969 § 9.2.1,Codex CXC 1-1969,What specific location requirement applies to waste disposal sites in order to prevent pest infestations at a food establishment?
90,Codex CXC 1-1969 § 9.2.2,Codex CXC 1-1969,What specific separation requirements apply to the cleaning tools and equipment originating from highly contaminated zones such as toilets and waste disposal areas?
90,Codex CXC 1-1969 § 9.2.2,Codex CXC 1-1969,How should hand washing facilities be separated from other washing operations in food establishments?
91,Codex CXC 1-1969 § 9.2.3,Codex CXC 1-1969,What specific equipment and features must be included in personnel hygiene and toilet facilities to prevent food contamination?
91,Codex CXC 1-1969 § 9.2.3,Codex CXC 1-1969,What alternative uses are strictly prohibited for handwashing basins located in food hygiene facilities?
92,Codex CXC 1-1969 § 9.2.4,Codex CXC 1-1969,"What types of facilities must be available for handling food, depending on the specific operations being performed?"
92,Codex CXC 1-1969 § 9.2.4,Codex CXC 1-1969,How should ambient temperatures be managed to maintain the safety and suitability of food during operations?
93,Codex CXC 1-1969 § 9.2.5,Codex CXC 1-1969,How should ventilation systems be designed regarding airflow direction between clean and contaminated areas?
93,Codex CXC 1-1969 § 9.2.5,Codex CXC 1-1969,What specific risks related to moisture control must ventilation address in dried foods?
94,Codex CXC 1-1969 § 9.2.6,Codex CXC 1-1969,How should light fixtures be treated to prevent food contamination in the event of a breakage?
94,Codex CXC 1-1969 § 9.2.6,Codex CXC 1-1969,What impact should the installed lighting have on the inspection of food defects and facility cleanliness?
95,Codex CXC 1-1969 § 9.2.7,Codex CXC 1-1969,How must storage facilities be designed to prevent allergen cross-contact and other forms of contamination during the holding of food?
95,Codex CXC 1-1969 § 9.2.7,Codex CXC 1-1969,What specific measures are required for storing cleaning materials and hazardous substances safely and hygienically?
96,Codex CXC 1-1969 § 9.3.1,Codex CXC 1-1969,What criteria must food contact equipment and containers meet regarding their materials and hygienic design to prevent food contamination?
96,Codex CXC 1-1969 § 9.3.1,Codex CXC 1-1969,"How should equipment be designed and constructed to allow for proper maintenance, cleaning, disinfection, and pest inspection?"
97,Codex CXC 1-1969 § 9.3.2,Codex CXC 1-1969,"How should equipment used for cooking, heating, cooling, storing, or freezing food be designed regarding temperature management?"
97,Codex CXC 1-1969 § 9.3.2,Codex CXC 1-1969,When is it appropriate to calibrate food process monitoring equipment?
98,Codex CXC 1-1969 § 10,Codex CXC 1-1969,What level of food hygiene understanding is required for personnel who come into contact with food operations?
98,Codex CXC 1-1969 § 10,Codex CXC 1-1969,What specific instruction must be given to staff members who handle cleaning chemicals or other hazardous chemicals?
99,Codex CXC 1-1969 § 10,Codex CXC 1-1969,What specific topics should be included in food safety training programmes regarding personal hygiene?
99,Codex CXC 1-1969 § 10,Codex CXC 1-1969,How does direct customer interaction affect the training requirements for personnel in retail and food service operations?
100,Codex CXC 1-1969 § 10,Codex CXC 1-1969,How should the effectiveness of food safety training and instruction programmes be evaluated over time?
100,Codex CXC 1-1969 § 10,Codex CXC 1-1969,What kind of documentation needs to be maintained regarding completed training sessions?
101,Codex CXC 1-1969 § 11,Codex CXC 1-1969,What are the primary objectives for establishing waste management and pest control systems in a food establishment?
101,Codex CXC 1-1969 § 11,Codex CXC 1-1969,Why is ongoing establishment maintenance and disinfection necessary for controlling food safety hazards?
102,Codex CXC 1-1969 § 11.1.1,Codex CXC 1-1969,How should cleaning and disinfection chemicals be stored in relation to food to prevent contamination?
102,Codex CXC 1-1969 § 11.1.1,Codex CXC 1-1969,What specific physical contaminants should the maintenance of food establishments and equipment help prevent?
103,Codex CXC 1-1969 § 11.1.1,Codex CXC 1-1969,How should cleaning equipment be maintained to prevent it from becoming a source of cross-contamination?
103,Codex CXC 1-1969 § 11.1.1,Codex CXC 1-1969,What measures are required for cleaning equipment to ensure it does not contaminate food or surfaces?
104,Codex CXC 1-1969 § 11.1.2,Codex CXC 1-1969,What specific techniques are permitted for cleaning food processing areas where the use of water would increase the risk of microbiological contamination?
104,Codex CXC 1-1969 § 11.1.2,Codex CXC 1-1969,How can pressure washing inadvertently cause contamination during sanitation procedures in food processing facilities?
105,Codex CXC 1-1969 § 11.1.2,Codex CXC 1-1969,What specific details must be included in written sanitation protocols for food establishments?
105,Codex CXC 1-1969 § 11.1.2,Codex CXC 1-1969,What potential food safety risk is associated with applying sub-lethal levels of disinfectants?
106,Codex CXC 1-1969 § 11.1.3,Codex CXC 1-1969,What specific parameters can be measured to monitor the implementation and effectiveness of sanitation procedures?
106,Codex CXC 1-1969 § 11.1.3,Codex CXC 1-1969,Why might a facility consider rotating its disinfecting agents over time?
107,Codex CXC 1-1969 § 11.1.3,Codex CXC 1-1969,How can cleaning and disinfection procedures be observed to ensure necessary results are achieved and protocols are followed?
107,Codex CXC 1-1969 § 11.1.3,Codex CXC 1-1969,"What action should be taken regarding cleaning, disinfection, and maintenance procedures to account for changing circumstances?"
108,Codex CXC 1-1969 § 11.2.1,Codex CXC 1-1969,What specific measures can be implemented to minimize the likelihood of pest infestations and reduce reliance on pesticides?
108,Codex CXC 1-1969 § 11.2.1,Codex CXC 1-1969,Which factors contribute to the occurrence of pest infestations in food handling areas?
109,Codex CXC 1-1969 § 11.2.2,Codex CXC 1-1969,What physical measures should food-processing facilities use on open windows and ventilators to minimize the entry of pests?
109,Codex CXC 1-1969 § 11.2.2,Codex CXC 1-1969,How should roll-up doors be fitted in relation to the floor to prevent pest access?
110,Codex CXC 1-1969 § 11.2.3,Codex CXC 1-1969,How should potential food sources be stored and positioned within a food establishment to prevent pest infestation?
110,Codex CXC 1-1969 § 11.2.3,Codex CXC 1-1969,What measures should be taken regarding landscaping and old equipment to reduce the risk of pests harbouring around food premises?
111,Codex CXC 1-1969 § 11.2.4,Codex CXC 1-1969,How should insect light traps and bait stations be positioned and built within a food establishment to avoid contaminating products or facilities?
111,Codex CXC 1-1969 § 11.2.4,Codex CXC 1-1969,What responsibilities do food business operators have regarding pest monitoring reports when pest control services are handled by an outside provider?
112,Codex CXC 1-1969 § 11.2.5,Codex CXC 1-1969,{'question': 'What documentation must be maintained regarding pest issues in a food facility?'}
112,Codex CXC 1-1969 § 11.2.5,Codex CXC 1-1969,{'question': 'Who should be contacted to immediately address a pest infestation in an establishment?'}
113,Codex CXC 1-1969 § 11.3.1,Codex CXC 1-1969,How should personnel responsible for waste removal be prepared in order to prevent cross-contamination?
113,Codex CXC 1-1969 § 11.3.1,Codex CXC 1-1969,What specific characteristics are required for waste storage areas regarding their location and physical resistance?
114,Codex CXC 1-1969 § 12,Codex CXC 1-1969,What specific health symptoms must food handlers immediately report to management?
114,Codex CXC 1-1969 § 12,Codex CXC 1-1969,When should personnel who are known or suspected of carrying a foodborne illness be restricted from entering food handling areas?
115,Codex CXC 1-1969 § 12,Codex CXC 1-1969,What specific measures must be taken regarding waterproof plasters on cuts and wounds to prevent them from contaminating food?
115,Codex CXC 1-1969 § 12,Codex CXC 1-1969,At what exact times during a shift are food handlers required to wash their hands to maintain food safety compliance?
116,Codex CXC 1-1969 § 12,Codex CXC 1-1969,Under what specific circumstances is the use of hand sanitizers permitted during food handling operations?
116,Codex CXC 1-1969 § 12,Codex CXC 1-1969,What requirements and hygiene instructions apply to visitors entering food processing and handling areas?
117,Codex CXC 1-1969 § 13,Codex CXC 1-1969,What are the primary objectives for ensuring that food operations produce safe and suitable food for consumption?
117,Codex CXC 1-1969 § 13,Codex CXC 1-1969,How can a food business achieve the necessary control of its operations to prevent food from becoming unsafe or unsuitable?
118,Codex CXC 1-1969 § 13.1.1,Codex CXC 1-1969,What criteria must food products share when an FBO decides to group them together for a product description?
118,Codex CXC 1-1969 § 13.1.1,Codex CXC 1-1969,What specific details regarding intended use should be included when creating a food product description?
119,Codex CXC 1-1969 § 13.1.1,Codex CXC 1-1969,What specific details regarding food packaging materials must be included in a product description?
119,Codex CXC 1-1969 § 13.1.1,Codex CXC 1-1969,Which environmental or handling requirements need to be specified as part of a product description?
120,Codex CXC 1-1969 § 13.1.2,Codex CXC 1-1969,How can a food business operator verify the accuracy of the processing steps outlined in their operational flow diagram?
120,Codex CXC 1-1969 § 13.1.2,Codex CXC 1-1969,What specific production information should be illustrated in a food operation's flow diagram?
121,Codex CXC 1-1969 § 13.1.3,Codex CXC 1-1969,What action should a food business operator take when enhanced Good Hygiene Practices are not enough to guarantee food safety?
121,Codex CXC 1-1969 § 13.1.3,Codex CXC 1-1969,Why might equipment such as a cooked meat slicer require more frequent and specific cleaning routines?
122,Codex CXC 1-1969 § 13.1.4,Codex CXC 1-1969,What specific steps should a food business operator take when monitoring results reveal a process deviation?
122,Codex CXC 1-1969 § 13.1.4,Codex CXC 1-1969,Which elements should be included when defining the monitoring procedures for hygienic practices and hazard controls?
123,Codex CXC 1-1969 § 13.1.5,Codex CXC 1-1969,{'question': 'What activities should a food business operator perform to confirm that Good Hygiene Practices are being properly implemented and monitored?'}
123,Codex CXC 1-1969 § 13.1.5,Codex CXC 1-1969,"{'question': 'Which specific events should trigger a review of Good Hygiene Practices, monitoring procedures, and corrective actions within a food operation?'}"
124,Codex CXC 1-1969 § 13.2.1,Codex CXC 1-1969,What specific factors must be considered when designing time and temperature control systems for food safety?
124,Codex CXC 1-1969 § 13.2.1,Codex CXC 1-1969,How should temperature monitoring and recording devices be maintained to ensure proper control of food safety and suitability?
125,Codex CXC 1-1969 § 13.2.2,Codex CXC 1-1969,What verification systems must be established when food formulation is utilized to manage foodborne pathogens?
125,Codex CXC 1-1969 § 13.2.2,Codex CXC 1-1969,Which key processing steps commonly contribute to the manufacturing of safe and suitable food products?
126,Codex CXC 1-1969 § 13.2.3,Codex CXC 1-1969,"What foundational basis should be used when establishing food safety or suitability specifications for microbiological, physical, chemical, and allergen parameters?"
126,Codex CXC 1-1969 § 13.2.3,Codex CXC 1-1969,How can food businesses ensure that incoming raw materials and ingredients are suitable for their intended use while minimizing contaminants?
127,Codex CXC 1-1969 § 13.2.4,Codex CXC 1-1969,"How should raw, unprocessed foods that pose a contamination risk be managed in relation to ready-to-eat foods?"
127,Codex CXC 1-1969 § 13.2.4,Codex CXC 1-1969,What specific measures should personnel implement when entering processing areas where the likelihood of product contamination is high?
128,Codex CXC 1-1969 § 13.2.5,Codex CXC 1-1969,What prevention strategies and equipment maintenance practices should be implemented during food manufacturing and processing to avoid physical contamination?
128,Codex CXC 1-1969 § 13.2.5,Codex CXC 1-1969,What specific types of extraneous objects are highlighted as posing injury or choking hazards that systems throughout the food chain must prevent?
129,Codex CXC 1-1969 § 13.2.6,Codex CXC 1-1969,How should toxic cleaning compounds and disinfectants be managed to prevent food contamination?
129,Codex CXC 1-1969 § 13.2.6,Codex CXC 1-1969,What measures are required to control the use of food additives and processing aids that could be harmful if misused?
130,Codex CXC 1-1969 § 13.2.7,Codex CXC 1-1969,What specific stages in a food business require an allergen management system to address known allergens?
130,Codex CXC 1-1969 § 13.2.7,Codex CXC 1-1969,How can a food business physically or temporally separate foods to prevent allergen cross-contact?
131,Codex CXC 1-1969 § 13.2.8,Codex CXC 1-1969,"Under what conditions should an establishment reject an incoming food material containing chemical, physical, or microbiological contaminants?"
131,Codex CXC 1-1969 § 13.2.8,Codex CXC 1-1969,What specific types of pre-processing checks are recommended when inspecting incoming refrigerated and frozen foods?
132,Codex CXC 1-1969 § 13.2.9,Codex CXC 1-1969,What requirements must reusable food packaging meet regarding its physical and sanitary maintenance properties?
132,Codex CXC 1-1969 § 13.2.9,Codex CXC 1-1969,"How must non-potable water systems, such as those used for fire control, be configured in relation to water systems that contact food?"
133,Codex CXC 1-1969 § 13.2.9,Codex CXC 1-1969,What specific actions must food business operators take regarding other products produced under similar conditions when a food item is recalled due to an immediate health risk?
133,Codex CXC 1-1969 § 13.2.9,Codex CXC 1-1969,Under what conditions are food business operators permitted to hold removed or returned products until they are destroyed or reprocessed?
134,Codex CXC 1-1969 § 13.2.9,Codex CXC 1-1969,What records must a food business operator keep regarding packaging activities?
134,Codex CXC 1-1969 § 13.2.9,Codex CXC 1-1969,How should a food business operator document the packaging measures they have implemented?
135,Codex CXC 1-1969 § 14,Codex CXC 1-1969,What specific objectives should adequate food information achieve for downstream food business operators and consumers regarding product safety?
135,Codex CXC 1-1969 § 14,Codex CXC 1-1969,How does insufficient product information regarding allergens and general food hygiene impact consumer health later in the food chain?
136,Codex CXC 1-1969 § 14,Codex CXC 1-1969,What specific standards and principles must guide the design and implementation of a food traceability system?
136,Codex CXC 1-1969 § 14,Codex CXC 1-1969,How should pre-packaged food labels communicate information regarding food allergens?
137,Codex CXC 1-1969 § 14,Codex CXC 1-1969,What educational measures and safety practices should be communicated to consumers regarding foodborne illness and allergens?
137,Codex CXC 1-1969 § 14,Codex CXC 1-1969,Which four specific areas are covered under the product information guidelines according to section 14?
138,Codex CXC 1-1969 § 15,Codex CXC 1-1969,How should transport conveyances and bulk containers be designed to prevent allergen cross-contact and other forms of contamination?
138,Codex CXC 1-1969 § 15,Codex CXC 1-1969,What environmental conditions must be effectively controlled within transport vehicles to prevent the growth of harmful micro-organisms in food?
139,Codex CXC 1-1969 § 15,Codex CXC 1-1969,How should conveyances and containers used for transporting bulk food be marked and designated?
139,Codex CXC 1-1969 § 15,Codex CXC 1-1969,What specific measures must be performed between loads when using the same container or conveyance to transport different types of food or non-food items?
140,Codex CXC 1-1969 § 16,Codex CXC 1-1969,What methodology does the HACCP system use to ensure food safety instead of relying primarily on end-product testing?
140,Codex CXC 1-1969 § 16,Codex CXC 1-1969,"At what stages of the food chain can HACCP principles be considered, and what should guide their implementation?"
141,Codex CXC 1-1969 § 16,Codex CXC 1-1969,What external resources can food businesses utilize to help implement HACCP when they find it challenging?
141,Codex CXC 1-1969 § 16,Codex CXC 1-1969,Which diverse areas of expertise are recommended to be included when adopting a multi-disciplinary approach for a food business operation?
142,Codex CXC 1-1969 § 17,Codex CXC 1-1969,What is the specific HACCP principle that requires determining critical control points?
142,Codex CXC 1-1969 § 17,Codex CXC 1-1969,Which HACCP principle involves establishing procedures to confirm that the system is operating as intended after plan validation?
143,Codex CXC 1-1969 § 18,Codex CXC 1-1969,What foundational programs must a food business have fully operational before implementing a HACCP system?
143,Codex CXC 1-1969 § 18,Codex CXC 1-1969,"Which organizational factor is necessary, alongside appropriate training and competency, to ensure the effectiveness of a HACCP system across all types of food businesses?"
144,Codex CXC 1-1969 § 18,Codex CXC 1-1969,Under what specific operational circumstances must a food business periodically review its HACCP system?
144,Codex CXC 1-1969 § 18,Codex CXC 1-1969,Whose responsibility is it to apply HACCP principles in order to develop an effective HACCP system for a food business?
145,Codex CXC 1-1969 § 18,Codex CXC 1-1969,What specific factors should be considered when applying flexibility to the implementation of a HACCP system in small and less developed businesses?
145,Codex CXC 1-1969 § 18,Codex CXC 1-1969,How can record-keeping burdens be reduced for certain food business operators without compromising food safety?
146,Codex CXC 1-1969 § 18,Codex CXC 1-1969,Who bears the ultimate responsibility for developing and implementing the HACCP system as well as ensuring safe food production?
146,Codex CXC 1-1969 § 18,Codex CXC 1-1969,"What is required to ensure the effectiveness of a HACCP system across all levels of personnel, including management?"
147,Codex CXC 1-1969 § 19,Codex CXC 1-1969,What external sources can a food business utilize for expert advice if internal HACCP expertise is lacking?
147,Codex CXC 1-1969 § 19,Codex CXC 1-1969,What specific safety information must be included when developing a full product description for a HACCP system?
148,Codex CXC 1-1969 § 19,Codex CXC 1-1969,What types of established limits for food hazards must be accounted for when developing a HACCP plan?
148,Codex CXC 1-1969 § 19,Codex CXC 1-1969,What specific measures might be necessary when producing food specifically for a vulnerable population?
149,Codex CXC 1-1969 § 19,Codex CXC 1-1969,"What specific details regarding ingredients, water, and air must be shown on a processing flow diagram?"
149,Codex CXC 1-1969 § 19,Codex CXC 1-1969,Who is qualified to verify processing activities against a facility's flow diagram during operational hours?
150,Codex CXC 1-1969 § 19,Codex CXC 1-1969,{'question': 'How should the HACCP team document specific hazards during the hazard analysis process?'}
150,Codex CXC 1-1969 § 19,Codex CXC 1-1969,{'question': 'What criteria are used to determine which identified hazards must be addressed in the HACCP plan?'}
151,Codex CXC 1-1969 § 19,Codex CXC 1-1969,What factors should be evaluated when determining the likelihood and severity of adverse health effects associated with food hazards in the absence of control?
151,Codex CXC 1-1969 § 19,Codex CXC 1-1969,How should potential consumer mishandling and unintended uses of a food product be factored into hazard analysis when developing a HACCP plan?
152,Codex CXC 1-1969 § 19,Codex CXC 1-1969,What specific criteria determine whether a food safety hazard must be identified and controlled during the hazard analysis process?
152,Codex CXC 1-1969 § 19,Codex CXC 1-1969,"Under what circumstances are food business operators permitted to use a simplified hazard analysis, and what are the potential drawbacks of this approach?"
153,Codex CXC 1-1969 § 19,Codex CXC 1-1969,Under what specific circumstances should a Critical Control Point (CCP) be established during the food production process?
153,Codex CXC 1-1969 § 19,Codex CXC 1-1969,How can a single heat treatment process be utilized to address multiple biological hazards contaminating a food product?
154,Codex CXC 1-1969 § 19,Codex CXC 1-1969,How can food safety teams determine if a specific process step qualifies as a critical control point within a HACCP system?
154,Codex CXC 1-1969 § 19,Codex CXC 1-1969,Under what conditions should a process step be disqualified as a critical control point even if a control measure can be applied there?
155,Codex CXC 1-1969 § 19,Codex CXC 1-1969,How should a food processor proceed when an identified significant hazard has no corresponding control measures at any step?
155,Codex CXC 1-1969 § 19,Codex CXC 1-1969,What kind of evidence must be established to confirm that critical limits at critical control points are capable of managing hazards?
156,Codex CXC 1-1969 § 19,Codex CXC 1-1969,What alternative sources can food business operators use to validate critical limits instead of conducting their own studies?
156,Codex CXC 1-1969 § 19,Codex CXC 1-1969,How quickly must monitoring procedures be able to detect a failure to remain within critical limits at a critical control point?
157,Codex CXC 1-1969 § 19,Codex CXC 1-1969,Why are physical and chemical measurements generally preferred over microbiological testing in HACCP monitoring procedures?
157,Codex CXC 1-1969 § 19,Codex CXC 1-1969,How should the frequency of monitoring be determined when continuous monitoring of a Critical Control Point is not possible?
158,Codex CXC 1-1969 § 19,Codex CXC 1-1969,What specific information must be recorded and signed by the individual monitoring a Critical Control Point?
158,Codex CXC 1-1969 § 19,Codex CXC 1-1969,How should a food business operator handle potentially unsafe food when a critical limit deviation is detected?
159,Codex CXC 1-1969 § 19,Codex CXC 1-1969,What specific details regarding corrective actions must be recorded in the HACCP documentation?
159,Codex CXC 1-1969 § 19,Codex CXC 1-1969,How can a root cause analysis assist in determining the extent of product affected by a deviation?
160,Codex CXC 1-1969 § 19.11.1,Codex CXC 1-1969,What specific methods and sources can be used to perform validation of control measures and their critical limits during HACCP plan development?
160,Codex CXC 1-1969 § 19.11.1,Codex CXC 1-1969,At what point in the process must evidence be gathered in the actual operation to prove that food safety control can be consistently achieved under production conditions?
161,Codex CXC 1-1969 § 19.11.2,Codex CXC 1-1969,What specific activities are included in verification to determine if a HACCP system is functioning correctly and as planned?
161,Codex CXC 1-1969 § 19.11.2,Codex CXC 1-1969,How should a food safety team confirm that critical control points are continuously kept under control during ongoing operations?
162,Codex CXC 1-1969 § 19.11.2,Codex CXC 1-1969,Who should ideally perform verification procedures within a food business according to HACCP guidelines?
162,Codex CXC 1-1969 § 19.11.2,Codex CXC 1-1969,What specific types of testing and sampling are included in HACCP verification procedures to ensure product safety?
163,Codex CXC 1-1969 § 19.11.2,Codex CXC 1-1969,Who is permitted to conduct the review to confirm that verification activities and corrective actions are functioning correctly?
163,Codex CXC 1-1969 § 19.11.2,Codex CXC 1-1969,What specific documentation examples should be maintained regarding the scientific support for hazards and critical limits in a HACCP plan?
164,Codex CXC 1-1969 § 19.11.2,Codex CXC 1-1969,How should working instructions and procedures be utilized when developing specific training programs for a HACCP plan?
164,Codex CXC 1-1969 § 19.11.2,Codex CXC 1-1969,What role does re-training play in relation to deviations within a HACCP system?
165,Codex CXC 1-1969 § 19.11.2,Codex CXC 1-1969,What kind of general hygiene conditions and activities are typically implemented to establish an environment that ensures the production of safe and suitable food?
165,Codex CXC 1-1969 § 19.11.2,Codex CXC 1-1969,Which sources are considered adequate for providing validation data for food safety control measures when food business operators do not carry out validation themselves?
166,Codex CXC 1-1969 § 19.11.2,Codex CXC 1-1969,"What types of criteria are used in Good Hygiene Practices, and what monitoring methods are required to ensure critical limits are met at Critical Control Points?"
166,Codex CXC 1-1969 § 19.11.2,Codex CXC 1-1969,"How should a food business operator handle cleaning compounds and equipment, and what actions are typically required when a process deviation occurs?"
168,Codex CXC 1-1969 § 19.11.2,Codex CXC 1-1969,At which step should a hazard analysis typically be conducted for each ingredient used in the food production process?
168,Codex CXC 1-1969 § 19.11.2,Codex CXC 1-1969,"What specific categories of potential hazards must be identified, controlled, or enhanced at each step of the hazard analysis?"
169,Codex CXC 1-1969 § 19.11.2,Codex CXC 1-1969,What action should be taken if a critical control point is not identified after working through the decision tree questions?
169,Codex CXC 1-1969 § 19.11.2,Codex CXC 1-1969,How should a food safety team evaluate a situation where a control measure at a specific step works together with a control measure at a different step to manage the same hazard?
170,Codex CXC 1-1969 § 19.11.2,Codex CXC 1-1969,What action should be taken during the CCP determination process if a significant hazard can already be controlled at that step using prerequisite programs like GHPs?
170,Codex CXC 1-1969 § 19.11.2,Codex CXC 1-1969,"According to the CCP decision worksheet, how should you proceed if a specific control measure does not exist at the current process step?"
171,Codex CXC 1-1969 § 19.11.2,Codex CXC 1-1969,What action should be taken regarding a process or product if no Critical Control Point is identified during the evaluation at questions 2 through 4?
171,Codex CXC 1-1969 § 19.11.2,Codex CXC 1-1969,How should steps be classified when a control measure at one step operates in combination with a control measure at a different step to manage the same hazard?
172,"FSIS HACCP Guidebook, STEP  1",FSIS HACCP Guidebook,What external organizations can a food establishment consult to obtain HACCP expertise?
172,"FSIS HACCP Guidebook, STEP  1",FSIS HACCP Guidebook,Which specific departments should a larger food plant consider including when forming a HACCP team?
173,"FSIS HACCP Guidebook, STEP  1",FSIS HACCP Guidebook,"What expertise regarding microbiology and HACCP principles should the assembled team possess, and how can any knowledge gaps be filled?"
173,"FSIS HACCP Guidebook, STEP  1",FSIS HACCP Guidebook,How can a food safety team supplement their understanding of HACCP techniques and microbiology if they lack internal expertise?
174,"FSIS HACCP Guidebook, STEP 2",FSIS HACCP Guidebook,What specific product details should be documented during the second step of HACCP to help identify hazards present in ingredients or packaging materials?
174,"FSIS HACCP Guidebook, STEP 2",FSIS HACCP Guidebook,"What are some examples of product questions related to intended use, packaging type, and distribution methods that must be answered when describing a food product?"
175,"FSIS HACCP Guidebook, STEP 2",FSIS HACCP Guidebook,Where can a food safety professional find examples of a complete Process Description Form for beef slaughter and ground beef?
175,"FSIS HACCP Guidebook, STEP 2",FSIS HACCP Guidebook,How many different processes have HACCP Generic Models developed to provide additional product description examples?
176,"FSIS HACCP Guidebook, STEP 3",FSIS HACCP Guidebook,What are the two recommended categories for dividing ingredients when developing a HACCP raw material list?
176,"FSIS HACCP Guidebook, STEP 3",FSIS HACCP Guidebook,What specific details regarding the state or physical form of processed product ingredients is it helpful to include?
177,"FSIS HACCP Guidebook, STEP 4",FSIS HACCP Guidebook,How does an establishment physically verify that its process flow diagram accurately represents actual operations?
177,"FSIS HACCP Guidebook, STEP 4",FSIS HACCP Guidebook,What is the primary purpose of constructing a process flow diagram in a HACCP plan?
178,"FSIS HACCP Guidebook, STEP 4",FSIS HACCP Guidebook,Who is required to sign and date the completed process flow diagram form for record-keeping purposes?
178,"FSIS HACCP Guidebook, STEP 4",FSIS HACCP Guidebook,What documentation action must be taken on the process flow diagram form to properly maintain company records?
179,"FSIS HACCP Guidebook, STEP 5",FSIS HACCP Guidebook,What mandatory pre-HACCP requirement must be implemented across all food processing establishments to meet sanitation regulations?
179,"FSIS HACCP Guidebook, STEP 5",FSIS HACCP Guidebook,Which supplementary written plan serves as a valuable prerequisite for developing a HACCP plan in case a product withdrawal becomes necessary?
180,"FSIS HACCP Guidebook, STEP 5",FSIS HACCP Guidebook,How does the regulation define a preventive measure?
180,"FSIS HACCP Guidebook, STEP 5",FSIS HACCP Guidebook,"What knowledge is required to identify biological, chemical, or physical hazards likely to occur in meat and poultry production?"
181,"FSIS HACCP Guidebook, STEP 5",FSIS HACCP Guidebook,What types of scientific data or incidence evaluations should be used to justify why low-risk hazards that are unlikely to occur require no further consideration in a hazard analysis?
181,"FSIS HACCP Guidebook, STEP 5",FSIS HACCP Guidebook,Which pathogenic bacterial organisms are identified as major biological hazards capable of causing foodborne illness from the consumption of meat or poultry products?
182,"FSIS HACCP Guidebook, STEP 5",FSIS HACCP Guidebook,What are the two primary categories used to classify chemical hazards in meat and poultry processing?
182,"FSIS HACCP Guidebook, STEP 5",FSIS HACCP Guidebook,Where can a food safety professional find a description of major microorganisms of concern along with their growth parameters like temperature and pH ranges?
183,"FSIS HACCP Guidebook, STEP 5",FSIS HACCP Guidebook,What written documentation should an establishment obtain from suppliers for each lot of incoming animals to verify they are free of illegal residues?
183,"FSIS HACCP Guidebook, STEP 5",FSIS HACCP Guidebook,At what specific stages during plant operations can chemical hazards potentially be introduced or occur?
184,"FSIS HACCP Guidebook, STEP 5",FSIS HACCP Guidebook,What specific criteria determine whether a foreign object found in a food product qualifies as a physical hazard?
184,"FSIS HACCP Guidebook, STEP 5",FSIS HACCP Guidebook,How can employee practices and inadequate facility maintenance introduce physical hazards into finished products?
185,"FSIS HACCP Guidebook, STEP 5",FSIS HACCP Guidebook,What two distinct activities comprise the process of conducting a hazard analysis in a HACCP plan?
185,"FSIS HACCP Guidebook, STEP 5",FSIS HACCP Guidebook,Why must a food safety hazard analysis be customized specifically to an individual processing establishment?
186,"FSIS HACCP Guidebook, STEP 5",FSIS HACCP Guidebook,Under what specific operational or material changes must a food establishment review and potentially revise its hazard analysis?
186,"FSIS HACCP Guidebook, STEP 5",FSIS HACCP Guidebook,What information is recorded in the completed hazard identification forms found in Attachments 9 and 10 regarding potential food safety risks?
187,"FSIS HACCP Guidebook, STEPS IN CONDUCTING A HAZARD ANALYSIS",FSIS HACCP Guidebook,What initial verification must be assured before beginning a hazard analysis?
187,"FSIS HACCP Guidebook, STEPS IN CONDUCTING A HAZARD ANALYSIS",FSIS HACCP Guidebook,Which specific factors should be evaluated when determining if pathogens could multiply during a processing step?
188,"FSIS HACCP Guidebook, STEPS IN CONDUCTING A HAZARD ANALYSIS",FSIS HACCP Guidebook,"What specific questions should be asked regarding ingredients to determine if they could introduce pathogenic microorganisms, toxins, chemicals, or harmful physical objects?"
188,"FSIS HACCP Guidebook, STEPS IN CONDUCTING A HAZARD ANALYSIS",FSIS HACCP Guidebook,"When evaluating the general product and process, what questions need to be answered regarding whether preservatives or additives are utilized to kill or inhibit microbial growth?"
189,"FSIS HACCP Guidebook, STEPS IN CONDUCTING A HAZARD ANALYSIS",FSIS HACCP Guidebook,What external resources and institutions can a food safety establishment consult to obtain scientific and technical literature for assessing food safety hazards?
189,"FSIS HACCP Guidebook, STEPS IN CONDUCTING A HAZARD ANALYSIS",FSIS HACCP Guidebook,"Which specific tables in the Meat and Poultry Products Hazards and Control Guide should be reviewed to identify potential biological, chemical, and physical hazards?"
190,"FSIS HACCP Guidebook, STEPS IN CONDUCTING A HAZARD ANALYSIS",FSIS HACCP Guidebook,What specific types of information and data should be used to estimate the likelihood that a potential hazard will occur during food production?
190,"FSIS HACCP Guidebook, STEPS IN CONDUCTING A HAZARD ANALYSIS",FSIS HACCP Guidebook,Which product and consumer factors must a HACCP team evaluate to determine the public health impact of a potential hazard?
191,"FSIS HACCP Guidebook, STEPS IN CONDUCTING A HAZARD ANALYSIS",FSIS HACCP Guidebook,What specific procedures can a facility implement to prevent chemical hazards from compromising finished product safety during food processing?
191,"FSIS HACCP Guidebook, STEPS IN CONDUCTING A HAZARD ANALYSIS",FSIS HACCP Guidebook,How does the HACCP framework officially define a preventive measure used to control identified food safety hazards?
192,"FSIS HACCP Guidebook, STEPS IN CONDUCTING A HAZARD ANALYSIS",FSIS HACCP Guidebook,What specific preventive measure can be implemented to address drug residue chemical hazards during beef slaughter?
192,"FSIS HACCP Guidebook, STEPS IN CONDUCTING A HAZARD ANALYSIS",FSIS HACCP Guidebook,Which procedures should be used during poultry slaughter to prevent biological cross-contamination from pathogenic microorganisms during evisceration?
194,"FSIS HACCP Guidebook, STEPS IN CONDUCTING A HAZARD ANALYSIS",FSIS HACCP Guidebook,At what point in the hazard analysis process should the decision tree be applied?
194,"FSIS HACCP Guidebook, STEPS IN CONDUCTING A HAZARD ANALYSIS",FSIS HACCP Guidebook,Why might two different facilities preparing the exact same food item have a different number and location of critical control points?
195,"FSIS HACCP Guidebook, STEPS IN IDENTIFYING CRITICAL CONTROL POINTS",FSIS HACCP Guidebook,What is the primary purpose of the CCP Decision Tree during the HACCP development process?
195,"FSIS HACCP Guidebook, STEPS IN IDENTIFYING CRITICAL CONTROL POINTS",FSIS HACCP Guidebook,Which document or form can be used to record the outcomes obtained from working through the CCP Decision Tree?
196,"FSIS HACCP Guidebook, STEPS IN IDENTIFYING CRITICAL CONTROL POINTS",FSIS HACCP Guidebook,What action should a food safety team take in Column 3 when control at a specific step is deemed necessary for food safety?
196,"FSIS HACCP Guidebook, STEPS IN IDENTIFYING CRITICAL CONTROL POINTS",FSIS HACCP Guidebook,How should Column 4 be filled out if a process step successfully reduces the likely occurrence of a hazard to an acceptable level?
197,"FSIS HACCP Guidebook, STEPS IN IDENTIFYING CRITICAL CONTROL POINTS",FSIS HACCP Guidebook,What specific types of parameters or numerical values are used to express critical limits for food safety hazards?
197,"FSIS HACCP Guidebook, STEPS IN IDENTIFYING CRITICAL CONTROL POINTS",FSIS HACCP Guidebook,Which external sources can a food safety professional consult to find already established critical limits for critical control points?
198,"FSIS HACCP Guidebook, STEPS IN IDENTIFYING CRITICAL CONTROL POINTS",FSIS HACCP Guidebook,What specific parameters serve as critical limits for the production of cooked beef patties?
198,"FSIS HACCP Guidebook, STEPS IN IDENTIFYING CRITICAL CONTROL POINTS",FSIS HACCP Guidebook,Where can a food safety professional find additional examples of critical limits for specific food processes?
199,"FSIS HACCP Guidebook, STEPS IN ESTABLISHING CRITICAL LIMITS",FSIS HACCP Guidebook,What specific documentation must an establishment file to validate that its chosen critical limits have been properly established?
199,"FSIS HACCP Guidebook, STEPS IN ESTABLISHING CRITICAL LIMITS",FSIS HACCP Guidebook,How should a food safety professional document the critical limit for cooked poultry on their HACCP form when using the regulatory standard?
200,"FSIS HACCP Guidebook, STEPS IN ESTABLISHING CRITICAL LIMITS",FSIS HACCP Guidebook,How can monitoring warn an establishment of a potential loss of control before a critical limit is exceeded?
200,"FSIS HACCP Guidebook, STEPS IN ESTABLISHING CRITICAL LIMITS",FSIS HACCP Guidebook,Why is continuous monitoring considered better than non-continuous monitoring at a critical control point?
201,"FSIS HACCP Guidebook, STEPS IN ESTABLISHING CRITICAL LIMITS",FSIS HACCP Guidebook,{'question': 'What requirements must be met regarding the timing and frequency when non-continuous monitoring is used at a critical control point?'}
201,"FSIS HACCP Guidebook, STEPS IN ESTABLISHING CRITICAL LIMITS",FSIS HACCP Guidebook,{'question': 'What specific topics must employees responsible for monitoring critical control points be trained on to ensure proper execution?'}
202,"FSIS HACCP Guidebook, STEPS IN ESTABLISHING MONITORING PROCEDURES",FSIS HACCP Guidebook,Who is responsible for signing all records and documents related to Critical Control Point monitoring?
202,"FSIS HACCP Guidebook, STEPS IN ESTABLISHING MONITORING PROCEDURES",FSIS HACCP Guidebook,At what point in time should the results of Critical Control Point monitoring be recorded?
203,"FSIS HACCP Guidebook, STEPS IN ESTABLISHING MONITORING PROCEDURES",FSIS HACCP Guidebook,{'question': 'What four specific components must be included in corrective actions when a critical limit is not met in a HACCP plan?'}
203,"FSIS HACCP Guidebook, STEPS IN ESTABLISHING MONITORING PROCEDURES",FSIS HACCP Guidebook,{'question': 'Which specific tasks may be required during an investigation when a non-complying product is held for further evaluation?'}
204,"FSIS HACCP Guidebook, STEPS IN ESTABLISHING MONITORING PROCEDURES",FSIS HACCP Guidebook,What specific details must be documented in plant records following a critical control point deviation?
204,"FSIS HACCP Guidebook, STEPS IN ESTABLISHING MONITORING PROCEDURES",FSIS HACCP Guidebook,Which personnel should employees be authorized to contact immediately when a process deviation occurs?
205,"FSIS HACCP Guidebook, STEPS IN ESTABLISHING CORRECTIVE ACTIONS",FSIS HACCP Guidebook,What specific information must be included on the designated record form when a critical limit deviation occurs at a CCP?
205,"FSIS HACCP Guidebook, STEPS IN ESTABLISHING CORRECTIVE ACTIONS",FSIS HACCP Guidebook,How do accurate and complete HACCP records assist an establishment during a product recall?
206,"FSIS HACCP Guidebook, STEPS IN ESTABLISHING CORRECTIVE ACTIONS",FSIS HACCP Guidebook,What specific information must be included in HACCP system records?
206,"FSIS HACCP Guidebook, STEPS IN ESTABLISHING CORRECTIVE ACTIONS",FSIS HACCP Guidebook,Which types of records and forms should be maintained as part of a compliant HACCP system?
207,"FSIS HACCP Guidebook, STEPS IN ESTABLISHING RECORDKEEPING PROCEDURES",FSIS HACCP Guidebook,Where should a food facility record the names of the forms used for tracking Critical Control Points within their HACCP documentation?
207,"FSIS HACCP Guidebook, STEPS IN ESTABLISHING RECORDKEEPING PROCEDURES",FSIS HACCP Guidebook,What specific documents need to be created to ensure all steps taken in response to a process deviation are fully captured?
208,"FSIS HACCP Guidebook, STEPS IN ESTABLISHING RECORDKEEPING PROCEDURES",FSIS HACCP Guidebook,What specific verification activities can an establishment perform to evaluate its HACCP system?
208,"FSIS HACCP Guidebook, STEPS IN ESTABLISHING RECORDKEEPING PROCEDURES",FSIS HACCP Guidebook,How does validation of a HACCP plan differ from day-to-day operational verification?
209,"FSIS HACCP Guidebook, STEPS IN ESTABLISHING RECORDKEEPING PROCEDURES",FSIS HACCP Guidebook,Who holds the exclusive responsibility for validating a HACCP plan?
209,"FSIS HACCP Guidebook, STEPS IN ESTABLISHING RECORDKEEPING PROCEDURES",FSIS HACCP Guidebook,What types of sources can a company use to gather data for validating their HACCP plan?
210,"FSIS HACCP Guidebook, STEPS IN ESTABLISHING RECORDKEEPING PROCEDURES",FSIS HACCP Guidebook,What specific organism serves as an effective indicator whose levels correlate with the potential presence of Salmonella in slaughter HACCP plans?
210,"FSIS HACCP Guidebook, STEPS IN ESTABLISHING RECORDKEEPING PROCEDURES",FSIS HACCP Guidebook,How frequently must an establishment conduct a reassessment to determine if its HACCP system remains adequate?
211,"FSIS HACCP Guidebook, STEPS IN ESTABLISHING RECORDKEEPING PROCEDURES",FSIS HACCP Guidebook,What specific qualifications must the individual possess who performs a HACCP plan reassessment?
211,"FSIS HACCP Guidebook, STEPS IN ESTABLISHING RECORDKEEPING PROCEDURES",FSIS HACCP Guidebook,"Which operational changes, such as modifications to ingredients or production volume, trigger the need to reassess a HACCP system?"
212,"FSIS HACCP Guidebook, STEPS IN ESTABLISHING VERIFICATION PROCEDURES",FSIS HACCP Guidebook,How does the regulation define the validation of a HACCP plan?
212,"FSIS HACCP Guidebook, STEPS IN ESTABLISHING VERIFICATION PROCEDURES",FSIS HACCP Guidebook,What steps must be taken to ensure employees properly handle product deviations and maintain records for each critical control point?
213,"FSIS HACCP Guidebook, STEPS IN ESTABLISHING VERIFICATION PROCEDURES",FSIS HACCP Guidebook,What types of information and documentation can a food facility use to validate its HACCP plan?
213,"FSIS HACCP Guidebook, STEPS IN ESTABLISHING VERIFICATION PROCEDURES",FSIS HACCP Guidebook,How can a slaughter plant properly validate that its HACCP plan maintains effective residue control for chemicals and animal drugs?
214,"FSIS HACCP Guidebook, STEPS IN ESTABLISHING VERIFICATION PROCEDURES",FSIS HACCP Guidebook,What types of documentation can an establishment use to validate a critical control point for proper chemical and drug use?
214,"FSIS HACCP Guidebook, STEPS IN ESTABLISHING VERIFICATION PROCEDURES",FSIS HACCP Guidebook,How frequently must a food establishment conduct a reassessment of its HACCP plan according to the guidelines?
